<?xml version="1.0" encoding="UTF-8"?>
<launch4jConfig>
  <dontWrapJar>false</dontWrapJar>
  <headerType>gui</headerType>
  <jar>D:\Projets\DriveNCook\java_maven\target\drivencook-1.2.5-jar-with-dependencies.jar</jar>
  <outfile>D:\Projets\DriveNCook\java_maven\target\drivencook_1.2.5.exe</outfile>
  <errTitle>Please install jre 8</errTitle>
  <cmdLine></cmdLine>
  <chdir>.</chdir>
  <priority>normal</priority>
  <downloadUrl>http://java.com/download</downloadUrl>
  <supportUrl></supportUrl>
  <stayAlive>false</stayAlive>
  <restartOnCrash>false</restartOnCrash>
  <manifest></manifest>
  <icon>D:\Projets\DriveNCook\docs\design\logo\logo_groupe6_v1.ico</icon>
  <singleInstance>
    <mutexName>drivencook</mutexName>
    <windowTitle>DriveNCook</windowTitle>
  </singleInstance>
  <jre>
    <path></path>
    <bundledJre64Bit>false</bundledJre64Bit>
    <bundledJreAsFallback>false</bundledJreAsFallback>
    <minVersion>1.8</minVersion>
    <maxVersion></maxVersion>
    <jdkPreference>preferJre</jdkPreference>
    <runtimeBits>64/32</runtimeBits>
  </jre>
  <versionInfo>
    <fileVersion>1.2.5.0</fileVersion>
    <txtFileVersion>?</txtFileVersion>
    <fileDescription>Drivencook fidelity manager for corporate</fileDescription>
    <copyright>2a2groupe6</copyright>
    <productVersion>1.2.5.0</productVersion>
    <txtProductVersion>?</txtProductVersion>
    <productName>Drivencook fidelity manager</productName>
    <companyName>Groupe6</companyName>
    <internalName>drivencook-1.2.5-jar-with-dependencies.jar</internalName>
    <originalFilename>drivencook-1.2.5.exe</originalFilename>
    <trademarks></trademarks>
    <language>FRENCH</language>
  </versionInfo>
</launch4jConfig>